<?xml version="1.0" encoding="UTF-8"?>
<project-private xmlns="http://www.netbeans.org/ns/project-private/1">
    <data xmlns="http://www.netbeans.org/ns/make-project-private/1">
        <activeConfTypeElem>1</activeConfTypeElem>
        <activeConfIndexElem>0</activeConfIndexElem>
    </data>
    <editor-bookmarks xmlns="http://www.netbeans.org/ns/editor-bookmarks/2" lastBookmarkId="0"/>
    <open-files xmlns="http://www.netbeans.org/ns/projectui-open-files/2">
        <group>
            <file>file:/C:/Users/rcc/Desktop/TamayoHeidy_CSC5_41202/Homework/Tamayo,%20Heidy%20-%20Assignment%206_7%20-%2041202/Homework%20Assignment%206/Gaddis_8thEd_Chap7_Probl9/main.cpp</file>
        </group>
    </open-files>
</project-private>
